date,views,view_uniques,clones,clone_uniques,release_downloads,releases,stars,forks,note
2026-07-29,2,1,0,0,,,,,
2026-07-30,1,1,3,1,,,,,
2026-07-31,0,0,1,1,,,,,
2026-08-01,0,0,3,1,,,,,
2026-08-02,0,0,15,5,,,,,
2026-08-03,0,0,4,2,,,,,
2026-08-04,0,0,37,19,,,,,
2026-08-05,0,0,3,3,,,,,
2026-08-06,0,0,9,4,,,,,
2026-08-07,7,1,0,0,,,,,
2026-08-08,0,0,4,2,,,,,
2026-08-09,0,0,5,2,,,,,
2026-08-10,0,0,4,2,,,,,
2026-08-11,3,2,71,42,,,,,
2026-08-12,22,1,234,81,143,13,0,0,
2026-08-13,2,1,23,11,169,13,0,0,
2026-08-14,9,1,10,5,179,13,0,0,
2026-08-15,0,0,4,4,183,13,0,0,
2026-08-16,0,0,13,6,185,13,0,0,
2026-08-17,1,1,6,5,189,13,0,0,
2026-08-18,,,,,194,13,0,0,
2026-08-19,,,,,198,13,0,0,
2026-08-20,,,,,200,13,0,0,
